Location,2011_Employee Contribution,2011_Total,2011_Deductible,2012_Employee Contribution,2012_Total,2012_Deductible,2013_Employee Contribution,2013_Total,2013_Deductible,2014_Employee Contribution,2014_Total,2014_Deductible,2015_Employee Contribution,2015_Total,2015_Deductible,2016_Employee Contribution,2016_Total,2016_Deductible,2011_Income,2012_Income,2013_Income,2014_Income,2015_Income,2016_Income,2012_Votes,2016_Votes,Shift_Flag,2011_Total_population,2011_Total_Age18,2011_Total_Age18-64,2011_Total_Age65,2011_Total_White,2011_Total_Black,2011_Total_Native,2011_Total_Asian,2011_Total_Hawaiian,2011_Total_OtherRace,2011_Total_MultiRace,2011_Total_Household,2011_Total_Inc25000,2011_Total_Inc50000,2011_Total_Inc75000,2011_Total_Inc100000,2011_Total_Inc999999,2011_Uninsured,2011_Uninsured_Age18,2011_Uninsured_Age18-64,2011_Uninsured_Age65,2011_Uninsured_White,2011_Uninsured_Black,2011_Uninsured_Native,2011_Uninsured_Asian,2011_Uninsured_Hawaiian,2011_Uninsured_OtherRace,2011_Uninsured_MultiRace,2011_Uninsured_Household,2011_Uninsured_Inc25000,2011_Uninsured_Inc50000,2011_Uninsured_Inc75000,2011_Uninsured_Inc100000,2011_Uninsured_Inc999999,2012_Total_population,2012_Total_Age18,2012_Total_Age18-64,2012_Total_Age65,2012_Total_White,2012_Total_Black,2012_Total_Native,2012_Total_Asian,2012_Total_Hawaiian,2012_Total_OtherRace,2012_Total_MultiRace,2012_Total_Household,2012_Total_Inc25000,2012_Total_Inc50000,2012_Total_Inc75000,2012_Total_Inc100000,2012_Total_Inc999999,2012_Uninsured,2012_Uninsured_Age18,2012_Uninsured_Age18-64,2012_Uninsured_Age65,2012_Uninsured_White,2012_Uninsured_Black,2012_Uninsured_Native,2012_Uninsured_Asian,2012_Uninsured_Hawaiian,2012_Uninsured_OtherRace,2012_Uninsured_MultiRace,2012_Uninsured_Household,2012_Uninsured_Inc25000,2012_Uninsured_Inc50000,2012_Uninsured_Inc75000,2012_Uninsured_Inc100000,2012_Uninsured_Inc999999,2013_Total_population,2013_Total_Age18,2013_Total_Age18-64,2013_Total_Age65,2013_Total_White,2013_Total_Black,2013_Total_Native,2013_Total_Asian,2013_Total_Hawaiian,2013_Total_OtherRace,2013_Total_MultiRace,2013_Total_Household,2013_Total_Inc25000,2013_Total_Inc50000,2013_Total_Inc75000,2013_Total_Inc100000,2013_Total_Inc999999,2013_Uninsured,2013_Uninsured_Age18,2013_Uninsured_Age18-64,2013_Uninsured_Age65,2013_Uninsured_White,2013_Uninsured_Black,2013_Uninsured_Native,2013_Uninsured_Asian,2013_Uninsured_Hawaiian,2013_Uninsured_OtherRace,2013_Uninsured_MultiRace,2013_Uninsured_Household,2013_Uninsured_Inc25000,2013_Uninsured_Inc50000,2013_Uninsured_Inc75000,2013_Uninsured_Inc100000,2013_Uninsured_Inc999999,2014_Total_population,2014_Total_Age18,2014_Total_Age18-64,2014_Total_Age65,2014_Total_White,2014_Total_Black,2014_Total_Native,2014_Total_Asian,2014_Total_Hawaiian,2014_Total_OtherRace,2014_Total_MultiRace,2014_Total_Household,2014_Total_Inc25000,2014_Total_Inc50000,2014_Total_Inc75000,2014_Total_Inc100000,2014_Total_Inc999999,2014_Uninsured,2014_Uninsured_Age18,2014_Uninsured_Age18-64,2014_Uninsured_Age65,2014_Uninsured_White,2014_Uninsured_Black,2014_Uninsured_Native,2014_Uninsured_Asian,2014_Uninsured_Hawaiian,2014_Uninsured_OtherRace,2014_Uninsured_MultiRace,2014_Uninsured_Household,2014_Uninsured_Inc25000,2014_Uninsured_Inc50000,2014_Uninsured_Inc75000,2014_Uninsured_Inc100000,2014_Uninsured_Inc999999,2015_Total_population,2015_Total_Age18,2015_Total_Age18-64,2015_Total_Age65,2015_Total_White,2015_Total_Black,2015_Total_Native,2015_Total_Asian,2015_Total_Hawaiian,2015_Total_OtherRace,2015_Total_MultiRace,2015_Total_Household,2015_Total_Inc25000,2015_Total_Inc50000,2015_Total_Inc75000,2015_Total_Inc100000,2015_Total_Inc999999,2015_Uninsured,2015_Uninsured_Age18,2015_Uninsured_Age18-64,2015_Uninsured_Age65,2015_Uninsured_White,2015_Uninsured_Black,2015_Uninsured_Native,2015_Uninsured_Asian,2015_Uninsured_Hawaiian,2015_Uninsured_OtherRace,2015_Uninsured_MultiRace,2015_Uninsured_Household,2015_Uninsured_Inc25000,2015_Uninsured_Inc50000,2015_Uninsured_Inc75000,2015_Uninsured_Inc100000,2015_Uninsured_Inc999999,2016_Total_population,2016_Total_Age18,2016_Total_Age18-64,2016_Total_Age65,2016_Total_White,2016_Total_Black,2016_Total_Native,2016_Total_Asian,2016_Total_Hawaiian,2016_Total_OtherRace,2016_Total_MultiRace,2016_Total_Household,2016_Total_Inc25000,2016_Total_Inc50000,2016_Total_Inc75000,2016_Total_Inc100000,2016_Total_Inc999999,2016_Uninsured,2016_Uninsured_Age18,2016_Uninsured_Age18-64,2016_Uninsured_Age65,2016_Uninsured_White,2016_Uninsured_Black,2016_Uninsured_Native,2016_Uninsured_Asian,2016_Uninsured_Hawaiian,2016_Uninsured_OtherRace,2016_Uninsured_MultiRace,2016_Uninsured_Household,2016_Uninsured_Inc25000,2016_Uninsured_Inc50000,2016_Uninsured_Inc75000,2016_Uninsured_Inc100000,2016_Uninsured_Inc999999
United States,4949,18766,2773,4719,17238,2587,4737,17176,2669,4876,17973,2849,5023,18472,3062,4956,17710,3069,62529,56837,55656,57904,60270,57617,N/A,N/A,N/A,306560685,73774529,192699903,40086253,227607798,37897574,2480077,14938170,443469,14548609,8575563,302896568,58747014,69575450,57206409,40677643,76690052,46375539,5527657,40455941,391941,30450317,6716957,686081,2303404,82568,4891837,1231471,45927580,14047538,14807095,8541026,4073216,4458705,303984241,73835298,190790030,39358913,226004684,37487829,2465862,14774224,500618,14602061,8148963,300310167,53325655,66917877,56812299,41860063,81394273,45206153,5953533,38883933,368687,29609697,6551035,703806,2193643,86649,4898987,1162336,44783793,12557992,14360624,8577598,4307482,4980097,306448495,73735147,192168613,40544735,227333382,37849361,2477255,15149304,512675,14542162,8584356,302743821,54138279,67162270,56477530,41895266,83070476,45569665,5614174,39562863,392628,29854565,6629359,691616,2265542,90243,4830332,1208008,45136869,12659348,14393817,8594954,4383348,5105402,309082258,73636556,193574369,41871333,228624830,38271664,2502365,15629424,522501,14557838,8973636,305352123,53986004,67083731,56465445,41964369,85852574,43878131,5217055,38249014,412062,28742601,6385674,669741,2204705,88625,4595091,1191694,43450863,12050184,13777882,8300293,4257056,5065448,311516332,73546970,194655748,43313614,229729186,38635817,2504738,16152617,533665,14671064,9289245,307759430,53744167,66925185,56729105,42152813,88208160,40446231,4756380,35276066,413785,26486838,5893638,627102,2020682,82052,4232966,1102953,40043366,11064029,12652796,7675118,3920009,4731414,318175867,73503793,196766286,47905788,231460567,39628426,2609691,17468097,543440,16141970,10259268,314353742,48710140,64287849,56883062,43557076,100915615,27304297,3277474,23654038,372785,17767367,3838328,501963,1185188,53102,3204099,747453,27012551,6580824,8138341,5481384,2936331,3875671
Alabama,4447,16165,1864,4685,14220,1713,4062,14442,1726,4617,15488,2089,5978,17013,1893,4686,16098,2193,53205,48423,44343,45625,47465,46257,Republican,Republican,Republican,4720067,1122125,2944024,653918,3269515,1250035,23925,53772,0,57643,63284,4673401,1200677,1183476,874235,583393,831620,673964,59061,612682,2221,405080,214708,3762,10299,0,30463,9353,667052,282690,210801,95461,38511,39589,4693822,1128220,2921943,643659,3273898,1222816,25721,54525,1237,49984,65641,4648276,1107597,1162275,881584,598966,897854,654376,65095,587026,2255,396975,206590,5003,10651,180,25225,9752,647988,256800,209538,96225,44928,40497,4716915,1121332,2934586,660997,3279110,1229722,24787,56493,1325,54633,70845,4670902,1115851,1167480,875403,597877,914291,655394,57347,595377,2670,394013,209933,4210,10142,277,26764,10055,648719,260002,207966,97056,43549,40146,4735953,1115913,2940927,679113,3281239,1237514,24675,57984,1370,58057,75114,4689380,1112559,1166598,869809,597667,942747,640276,51606,586081,2589,384511,204124,4050,10721,212,26761,9897,633760,254386,200845,94912,43071,40546,4749786,1110011,2940219,699556,3279455,1244271,23410,59289,2377,60402,80582,4702289,1110312,1155577,874165,602726,959509,601159,45500,552810,2849,358857,192547,3468,9860,529,26272,9626,594307,239270,188853,87143,40065,38976,4782529,1098052,2921503,762974,3269825,1269831,24269,65061,0,69670,82370,4732429,1006136,1111175,877696,642373,1095049,434973,26732,404855,3386,257331,138242,3932,6572,0,22028,6464,429351,159509,131828,71534,36371,30109
Alaska,5302,20080,2487,4476,19944,2057,5100,22198,2459,4564,21273,2850,4702,22490,2804,4843,22490,2845,71745,70909,65512,72982,80101,76440,Republican,Republican,Republican,699272,187708,454580,56984,466353,21333,99999,37159,7551,7912,58965,684433,75133,123262,135783,110535,239720,140660,22109,117488,1063,73774,3288,37949,9612,1060,1171,13806,135418,20036,33565,30353,21206,30258,686905,186233,446229,54443,460307,22037,97025,37415,7191,7411,55519,672122,68392,117122,122972,110874,252762,134111,23395,109933,783,69430,3312,34967,9528,1545,1508,13821,129426,20451,31242,27944,19896,29893,696885,187469,451633,57783,464876,22909,99230,38714,7803,7866,55487,681959,71031,114112,123541,111508,261767,136696,23404,112463,829,71618,3532,34832,9904,1553,1835,13422,131948,20417,30527,27894,20706,32404,704405,187648,455704,61053,467338,22956,100567,40417,8129,7781,57217,689551,70278,114068,122635,108575,273995,134276,22497,110726,1053,69031,3714,35165,9728,1493,1757,13388,129788,19669,30058,27032,19602,33427,709358,187667,457091,64600,467593,22825,99135,42298,8645,8565,60297,694470,70131,113396,124547,108705,277691,128964,22409,105592,963,65111,3361,33701,9483,1437,1731,14140,124762,18945,28597,25595,18974,32651,718419,186839,457184,74396,461203,22186,105728,44949,9534,12225,62594,703555,60651,103730,124522,107234,307418,100628,18594,81387,647,43317,2179,30839,8471,1226,1998,12598,97769,12226,18080,23993,15185,28285
Arizona,5955,18556,3131,5137,16990,2893,5116,16270,2963,5116,16765,3511,5341,18128,3205,5305,17484,3652,60739,52411,54224,53153,55718,53558,Republican,Republican,Republican,6378280,1621830,3845434,911016,5068886,252686,283758,175837,11100,394538,191475,6328566,1380541,1606038,1241218,796560,1304209,1095010,208419,876902,9689,794337,46062,78087,26507,3347,111884,34786,1088037,353950,358176,191812,90597,93502,6304406,1622329,3799152,882925,5011454,249971,278395,176227,11462,399797,177100,6255229,1196942,1540140,1234385,848223,1435539,1068823,213851,844938,10034,782682,39292,83509,24432,2301,109818,26789,1061316,294198,356397,207556,98722,104443,6373367,1618689,3834412,920266,5057587,257390,281570,181622,11661,395096,188441,6323823,1238373,1558321,1237105,850107,1439917,1073491,200680,862886,9925,783730,41939,79882,26877,2086,110045,28932,1064470,301089,358821,205152,98712,100696,6453706,1618368,3872790,962548,5098338,262042,285357,189567,11861,409000,197541,6402179,1247130,1567152,1250729,850088,1487080,1050638,193960,846061,10617,756628,40997,77696,25549,2165,117801,29802,1041252,295972,349382,201840,95874,98184,6533509,1615216,3910423,1007870,5135115,268316,289037,198336,11707,422432,208566,6479648,1250067,1563603,1266963,864721,1534294,982384,178507,792888,10989,700041,37899,75327,24259,2067,113234,29557,972766,279018,323048,189330,88848,92522,6824645,1629040,4036165,1159440,5181587,288061,300673,219165,12719,578485,243955,6761704,1144585,1518282,1319761,959634,1819442,681238,119446,554091,7701,436960,23897,62749,15715,1742,118571,21604,672830,157113,200441,141193,80620,93463
Arkansas,4526,15583,2662,4406,14812,2193,4234,14483,2075,3895,15263,2791,4553,15162,2803,4917,14929,2632,51596,43469,42776,48478,45641,44334,Republican,Republican,Republican,2885212,708888,1763728,412596,2259755,448648,16534,34342,7064,62379,56490,2854185,749975,784025,551735,330514,437936,492310,39950,451451,909,362335,82195,3180,8655,2481,21658,11806,487911,187624,165897,81496,28708,24186,2862023,707308,1748461,406254,2248023,438410,17168,35577,5446,62102,55297,2829929,695502,783530,556248,337668,456981,482623,45463,435855,1305,356184,81386,3739,7234,1536,23165,9379,478448,175037,163739,78756,32493,28423,2879435,707821,1755753,415861,2257528,440884,17651,37637,5643,62498,57594,2847000,700021,780790,556379,333604,476206,481547,42638,437520,1389,355078,81253,3857,7658,1759,22538,9404,477659,175769,161057,79571,30161,31101,2893883,707327,1760265,426291,2268822,444249,17971,38306,6223,59764,58548,2860990,684011,785616,554043,340345,496975,455936,41342,413116,1478,336425,77402,3635,6615,2089,20910,8860,452271,159519,155459,76332,30888,30073,2905193,705491,1762305,437397,2270987,445434,18120,40189,6766,61792,61905,2871619,684895,779635,558987,342857,505245,411433,38276,371339,1818,302547,69223,3230,6257,1902,20107,8167,407710,145041,138877,69382,27202,27208,2934272,705155,1757516,471601,2253566,449341,18556,41511,8808,85843,76647,2899330,610463,764918,580696,353642,589611,231775,25543,204066,2166,160232,30010,3106,3578,2264,24554,8031,228871,63517,77219,48784,16587,22764
California,4959,19784,2517,4671,17712,2564,4841,17886,2557,5347,18825,2715,4955,19244,2878,4829,17458,2790,66668,63525,61645,65275,67863,67739,Democratic,Democratic,Democratic,37161789,9252466,23607468,4301855,23389626,2158323,281437,4944665,144054,4672723,1570961,36796741,6352881,7944068,6531148,4810268,11158376,6725604,744797,5906415,74392,3865488,326798,67769,721649,29830,1495963,218107,6665539,1639157,2074203,1366519,716311,869349,36783532,9266440,23312469,4204623,22935222,2156989,283590,4892647,141388,4850186,1523510,36412470,5625118,7507244,6449034,4912767,11918307,6536932,818563,5647130,71239,3681905,328659,68353,681463,27362,1545175,204015,6478491,1425221,1983533,1348561,739696,981480,37130876,9225966,23554540,4350370,23154030,2161348,278871,4977926,143459,4810719,1604523,36756385,5787794,7571087,6431224,4931699,12034581,6601519,766571,5760487,74461,3738126,333441,66675,700243,27252,1520253,215529,6541713,1452169,1996848,1350637,751181,990878,37551064,9195784,23834226,4521054,23343620,2172366,280105,5102926,144597,4832170,1675280,37172040,5837296,7610286,6430094,4929913,12364451,6267799,687607,5503430,76762,3561664,309010,64567,665903,26343,1429775,210537,6211335,1374873,1895529,1271623,716976,952334,37912312,9158861,24052189,4701262,23446872,2177853,279850,5234672,147706,4915217,1710142,37527745,5864263,7602072,6455613,4941851,12663946,5573845,585022,4914155,74668,3164178,268202,59512,591577,22989,1281189,186198,5525999,1233626,1684303,1130128,629165,848777,38763815,9079778,24431848,5252189,23136911,2186120,284213,5575522,147361,5579896,1853792,38366484,5188379,7092405,6391637,5023815,14670248,2843903,267815,2521235,54853,1535819,123175,31970,267910,10683,788375,85971,2821571,530103,788298,595505,351362,556303
Colorado,5804,18551,3265,4808,17867,2677,4637,17827,2951,4858,17193,3340,5170,18065,3295,4822,17459,3481,73241,63787,67906,65764,71019,65685,Democratic,Democratic,Democratic,5024885,1226828,3238825,559232,4252010,190283,48934,142057,5429,219176,166996,4981540,823267,1088843,950015,683126,1436289,759619,115726,640336,3557,589900,32099,12570,27100,1100,72978,23872,755533,215314,260186,152465,59502,68066,4949633,1217961,3189003,542669,4175755,188778,46877,135320,5588,234845,162470,4905236,743053,1023015,928994,721683,1488491,757881,123566,630193,4122,588914,33957,12706,21224,1251,76100,23729,752808,205368,245551,150528,73274,78087,5025295,1225807,3229893,569595,4231574,190595,46762,140236,6135,239093,170900,4979767,754364,1036059,927891,736201,1525252,748808,112170,632592,4046,581089,32772,12187,22059,1236,75471,23994,743363,197172,240874,150159,74753,80405,5105164,1232503,3273947,598714,4296594,195898,47529,145093,6241,237712,176097,5058545,741790,1042013,932537,742907,1599298,710571,103100,603279,4192,549877,30398,10578,21497,1368,72764,24089,705608,175167,227861,146045,73316,83219,5187214,1239895,3318050,629269,4377460,201480,47758,151919,7230,221968,179399,5140139,725212,1040099,946170,753931,1674727,638851,88988,545388,4475,498114,26285,9201,19734,1096,63113,21308,634770,148168,202773,134851,67172,81806,5447760,1258167,3461702,727891,4580019,222864,53271,174876,8042,226592,182096,5400399,640636,997883,990715,822775,1948390,409743,50649,353834,5260,317853,12494,7944,9784,939,49967,10762,407702,71900,122130,95742,49433,68497
Connecticut,4748,20319,3267,4580,18818,3099,5917,18082,3200,4346,19558,3324,5848,19482,3816,5296,18637,4041,81719,71577,72632,75715,77730,73433,Democratic,Democratic,Democratic,3522709,802350,2227298,493061,2749750,348406,7172,140560,0,189455,85950,3457903,477847,581314,553382,492892,1352468,308945,23377,281302,4266,192239,42307,1065,15290,0,50097,7867,306401,72208,86698,64930,34055,48510,3514027,811021,2216175,486831,2763316,344719,8091,137887,1432,172889,85693,3449352,430799,544677,548532,498784,1426560,309481,28798,276775,3908,196656,44248,1550,15388,229,43836,7574,306045,62964,82911,63108,38816,58246,3526628,802863,2226234,497531,2754928,350671,8338,141240,1261,177986,92204,3459474,436402,546662,543415,489106,1443889,314174,27684,282245,4245,194014,46628,1861,15696,247,48156,7572,310685,63089,83232,63591,38956,61817,3535851,793950,2233238,508663,2752182,354974,7687,145222,1088,178007,96691,3467937,436368,551543,537355,484728,1457943,301810,27552,269785,4473,185913,43716,1350,16186,209,47000,7436,298520,58383,80320,59976,38144,61697,3538599,783526,2234697,520376,2742595,359798,8547,150229,966,176737,99727,3470460,434591,546550,538154,474013,1477152,279629,27518,247825,4286,170915,40405,1420,15111,145,44923,6710,276723,53182,73298,56913,34281,59049,3525154,751459,2217434,556261,2708598,368742,9645,161709,0,165687,109514,3457213,389495,530684,519463,459212,1558359,172214,20867,148754,2593,108192,21876,1247,10186,0,26308,4308,169952,26103,48249,36279,20975,38346
Delaware,5469,20006,2577,4514,17379,2313,5313,17254,2507,4542,18900,2236,4775,20177,2169,5393,18648,3112,68283,54559,55956,62075,61592,61757,Democratic,Democratic,Democratic,892132,204295,557777,130060,628933,187121,2770,29831,0,19572,23883,879693,125934,186532,159816,136761,270650,83995,9379,73942,674,53369,18535,701,2598,0,6737,2055,83506,19396,24526,15591,7990,16003,884582,205246,552306,127030,625202,186762,2838,29086,375,19636,20683,872003,120814,175697,166903,135001,273588,84434,10562,73286,586,53645,18446,608,2993,0,6962,1780,83724,16710,25261,17015,9695,15043,893326,204585,556992,131749,626805,189220,2963,30292,560,20667,22819,880530,122232,177587,167462,133527,279722,84270,9727,73728,815,54563,17422,542,3329,22,6680,1712,83596,15789,25533,16904,10813,14557,902268,204149,560990,137129,630808,192552,3078,31652,485,20040,23653,889243,122331,178325,166486,134260,287841,81122,9576,70730,816,52585,16556,590,3921,28,5675,1767,80465,15745,25103,16708,9581,13328,911788,203780,564759,143249,634078,195051,3087,33537,290,20765,24980,898601,124021,177818,167441,136028,293293,75107,8520,65344,1243,47846,15728,443,3703,56,5851,1480,74569,15007,22714,15043,8778,13027,937935,203704,571596,162635,651055,204442,4055,35487,0,15257,25595,924848,118693,180022,171648,139639,314846,53139,6243,45282,1614,32397,12975,353,1526,0,2970,2171,52861,9825,13997,13642,6240,9157
District of Columbia,5407,20745,2042,4959,19169,1602,5528,18497,1956,4666,18388,1634,5460,20373,2107,5476,18864,2234,69021,72690,65017,73682,74725,75506,Democratic,Democratic,Democratic,608165,105312,435158,67695,243473,303344,0,22443,0,24192,12760,576952,118606,93387,84308,57398,223253,42007,4133,37374,500,12093,24146,0,1433,0,3755,580,39606,11211,10650,6365,4125,7255,594942,103725,424471,66746,235767,302711,2129,21279,301,20353,12402,564001,111461,98190,77657,61553,215140,40406,2894,36800,712,11057,22962,7,1798,0,3933,649,38600,9574,10014,6920,4373,7719,608630,105045,435555,68030,244554,303994,1989,21598,233,21913,14349,577512,114620,95764,78717,60838,227573,40567,2600,37470,497,10839,23121,9,1807,14,3888,889,38740,8851,9959,7164,4385,8381,623129,107757,445984,69388,251618,307507,2071,22551,195,23733,15454,591935,112395,93635,80207,61462,244236,40009,2629,36781,599,10329,22149,64,2081,18,4718,650,38027,8170,8897,7637,4325,8998,636610,111064,454655,70891,256486,309963,2141,23660,250,26954,17156,605476,112562,95321,78224,62449,256920,37011,2591,33894,526,9025,19835,60,1803,17,5464,807,34920,7567,8583,6903,3607,8260,670985,120313,473878,76794,273546,314308,0,26436,0,37132,17556,639352,115364,89106,73991,62232,298659,26346,3741,22012,593,5316,13461,0,707,0,6183,627,24975,6387,4928,4947,1914,6799
Florida,5699,18404,2949,6116,17236,2715,6058,17220,2831,5628,17175,3037,5838,17072,3466,6297,17989,3118,56347,51327,51313,49792,52068,50860,Democratic,Republican,Shifter,18752294,3986946,11468487,3296861,14346067,2949071,61871,460242,12289,506518,416236,18599703,4040068,4927696,3610138,2329092,3692709,3911381,475112,3388306,47963,2756573,738409,20608,104217,2864,205965,82745,3869878,1204087,1324850,703482,330789,306670,18571056,3992736,11345940,3232380,14243245,2904481,56590,462205,11294,490563,402678,18417753,3599998,4746296,3656840,2398351,4016268,3806413,535167,3226916,44330,2671708,733766,18778,104291,2750,196261,78859,3768663,1054324,1284565,736002,346774,346998,18778532,3997284,11446241,3335007,14373311,2955796,56863,473557,11049,484254,423702,18624386,3698933,4808174,3654318,2407759,4055202,3835202,490751,3296248,48203,2696008,736808,18915,107293,3013,191142,82023,3796269,1064908,1286428,735065,357074,352794,19049447,4011668,11584574,3453205,14552051,3014545,57606,488525,11900,478211,446609,18893485,3744574,4818159,3679051,2432249,4219452,3730582,448588,3230593,51401,2630270,714168,18122,105936,3169,177999,80918,3690941,1037300,1227729,720425,341174,364313,19335250,4032325,11717828,3585097,14740298,3071277,53153,506810,10818,488156,464738,19177566,3755803,4871735,3733582,2469559,4346887,3474482,403993,3017772,52717,2450929,665976,14640,95595,2740,166852,77750,3437076,960147,1145147,669517,321305,340960,20294479,4136345,12137388,4020746,15366996,3215738,51260,556841,12476,566051,525117,20133128,3476366,4882049,3990488,2690610,5093615,2544247,256747,2234427,53073,1801627,459301,11680,66852,1695,137909,65183,2513907,632544,796283,533539,249930,301611
Georgia,5295,17443,2971,4983,16317,3004,4752,15818,2838,4800,17492,2804,5182,18456,3354,5506,18252,2950,57431,53611,50834,53478,54140,53559,Republican,Republican,Republican,9619740,2484715,6088938,1046087,5861851,2936735,24174,321376,0,282580,187615,9527017,2171035,2371951,1814837,1172122,1997072,1882758,236568,1634800,11390,975750,633730,7874,85254,0,146153,33164,1865101,685721,611327,311272,127171,129610,9511663,2480742,6014300,1016621,5802526,2879869,24190,316576,4266,308834,175402,9416378,1950146,2219843,1809003,1244395,2192991,1786930,245110,1530640,11180,917126,587022,7589,79769,816,163888,30720,1771510,591710,563521,317021,149395,149863,9610713,2484323,6066045,1060345,5849912,2922537,23732,328514,4335,291857,189826,9513852,2004172,2254926,1792093,1246518,2216143,1822057,238594,1571448,12015,936759,610420,7352,81977,808,151238,33503,1805527,614311,574745,315421,147868,153182,9712380,2485222,6118560,1108598,5891520,2970560,24465,342180,4076,281942,197637,9613455,2009296,2281176,1796278,1245588,2281117,1776980,221128,1543286,12566,919302,600107,7605,78747,832,135988,34399,1760505,598170,559590,308791,141590,152364,9812517,2487798,6164141,1160578,5928129,3012435,25106,358597,4437,273747,210066,9712221,2003776,2293981,1817722,1250030,2346712,1680015,205200,1462152,12663,878774,565338,7486,72197,760,121140,34320,1663435,565521,530090,291037,133458,143329,10120788,2506326,6284159,1330303,5958267,3173959,37354,396879,6388,294248,253693,10019231,1790384,2194402,1896000,1399241,2739204,1309573,162772,1134011,12790,701715,416476,11396,45215,763,108813,25195,1295545,393063,393466,249631,127116,132269
Hawaii,4089,17162,2385,4014,16402,1194,3355,15411,2042,3482,16023,1340,4426,17019,2426,4354,16362,2358,73763,62682,65803,76861,68799,74511,Democratic,Democratic,Democratic,1326065,304077,823708,198280,317272,20316,3046,516360,126035,15877,327159,1307027,164466,231927,233594,192453,484587,94399,10980,80979,2440,27698,1109,146,29335,11732,1603,22776,91854,19795,23562,14775,13188,20534,1311430,302758,816498,192174,311086,17038,2658,520757,131742,14084,314065,1292359,146032,203552,218586,206643,517546,91677,9907,79792,1978,26567,1106,235,29475,12850,1835,19609,89652,18248,21066,15353,12664,22321,1323796,304623,819961,199212,315156,18827,2622,519856,132477,13554,321304,1304619,148874,205188,220578,199887,530092,93371,10020,81170,2181,26890,1158,311,30006,12932,1566,20508,91392,18971,22392,15279,11476,23274,1340207,306259,826777,207171,320660,21012,2310,523606,136443,13468,322708,1320716,147638,204636,224034,199391,545017,89875,10354,77269,2252,25802,1119,293,29028,12293,1497,19843,87947,17719,21739,15282,10564,22643,1352350,307898,829353,215099,325941,21968,2686,524222,136556,13110,327867,1332976,145596,200413,226589,196728,563650,80221,9022,69270,1929,22740,1019,262,26387,11191,1276,17346,78620,16307,18956,13691,9298,20368,1378730,307561,832435,238734,330392,20264,0,536582,142357,10979,335708,1358680,124201,180784,213885,194289,645521,48673,6897,40950,826,13656,1474,0,15851,8093,1195,8404,47085,8198,9944,7887,4134,16922
Idaho,4992,16504,2632,4841,15661,2824,3856,15041,2380,4799,15895,3233,5179,17800,3010,5171,17499,3410,59287,53389,55472,57668,55053,51807,Republican,Republican,Republican,1565645,427064,938531,200050,1448718,8160,19534,20746,0,28617,38583,1554236,321032,446967,324862,206990,254385,259094,38968,219444,682,232737,1326,5536,3590,0,9829,5626,258342,88954,95752,43665,16439,13532,1547099,425046,929716,192337,1426878,8531,18800,18908,2212,33572,38198,1535519,277064,421713,346195,218339,272208,261207,44949,215635,623,230599,1750,6296,3141,358,12495,6568,259916,75812,96785,49933,20272,17114,1562894,426249,936288,200357,1437669,8603,19331,19946,2185,36664,38496,1551311,278966,427274,345473,222617,276981,261693,41594,219202,897,229801,1641,6169,3048,317,13639,7078,260345,73510,98580,49072,20666,18517,1579140,427825,942022,209293,1450858,8868,19564,21582,2134,37388,38746,1567547,278255,424321,344602,226367,294002,253291,38694,213535,1062,221712,1691,5709,3634,371,13463,6711,251814,70189,93042,48236,21299,19048,1595824,428915,948312,218597,1464827,9399,19628,21546,1862,38070,40492,1583829,278611,420114,344639,227718,312747,234794,34450,199212,1132,205466,1335,5447,3116,361,12979,6090,233670,63921,84814,44230,20791,19914,1662867,435630,974803,252434,1492229,0,25694,24085,0,66066,41442,1650437,249970,390195,370775,233450,406047,168110,20483,145700,1927,141279,0,5000,2813,0,13940,3563,166386,43637,52252,34761,16156,19580
Illinois,4758,18947,2643,4229,17550,2475,4798,18140,2769,5126,18554,2824,4148,18371,2883,5085,18510,2628,63257,57641,61289,59263,64425,60960,Democratic,Democratic,Democratic,12688006,3091887,8014095,1582024,9217670,1806340,24947,596077,0,781506,260088,12558702,2286601,2690745,2385752,1745093,3450511,1659275,113311,1526413,19551,982721,319717,4895,91517,0,231229,28941,1647511,494204,509409,314323,158273,171302,12641685,3108063,7974559,1559063,9186219,1800910,25966,592656,2882,785702,247350,12510724,2033194,2577655,2324402,1840950,3734523,1632053,132201,1481144,18708,962477,314520,5053,86926,446,236641,25990,1618961,441883,496080,311794,175045,194159,12668117,3081894,7993310,1592913,9209285,1792345,26901,607719,2924,766529,262414,12538328,2056099,2588782,2289833,1813623,3789991,1646762,123934,1503632,19196,975521,318628,4922,90731,408,229012,27540,1633507,451892,501966,310789,173192,195668,12690056,3050710,8007479,1631867,9222222,1789145,28021,625124,3169,748059,274316,12560706,2050492,2564735,2278926,1796885,3869668,1563887,115977,1428028,19882,929171,298417,4948,86311,425,215964,28651,1551298,421691,478971,300121,162297,188218,12694224,3019658,8000501,1674065,9202299,1785624,27753,643473,3323,745350,286402,12565188,2038125,2534101,2272853,1780166,3939943,1398635,102794,1277221,18620,828433,262718,4363,76962,563,199757,25839,1386557,376644,428737,266921,142463,171792,12620388,2919863,7892615,1807910,9012093,1751769,29881,682816,4686,820533,318610,12491845,1833132,2380452,2116174,1774354,4387733,816602,71319,729815,15468,466141,122640,4073,45267,416,161909,16156,809002,181797,243962,160598,95130,127515
Indiana,4069,18380,2653,3952,17225,2867,4608,16849,2818,4830,18586,2715,4381,18258,3386,4175,17996,3391,55522,51424,54171,51864,55436,52314,Republican,Republican,Republican,6417644,1593636,4004670,819338,5440140,567226,12426,102591,0,155730,138745,6326280,1284366,1578245,1351255,896997,1215417,930829,128725,797672,4432,723347,110144,2813,15824,0,61071,17561,919101,315833,310067,161198,65671,66332,6384930,1598390,3975155,811385,5429008,559428,14781,102455,1520,144414,133324,6293607,1160398,1560650,1326971,934188,1311400,901006,141108,756240,3658,706019,102592,3419,16393,382,51204,20997,891868,278102,303831,167610,72618,69707,6414808,1593235,3990694,830879,5438865,570110,14462,107300,1828,148750,133493,6323301,1180135,1568834,1311803,932746,1329783,913679,135593,774220,3866,713696,106329,3217,18527,462,51930,19518,904941,284834,306064,168136,74158,71749,6442787,1588200,4001847,852740,5447809,575508,14907,114426,2048,149977,138112,6350965,1169125,1553912,1316457,937247,1374224,888650,129517,755130,4003,691866,103242,3502,19070,538,50571,19861,879994,275260,292991,164577,73943,73223,6468964,1582971,4009393,876600,5456484,580984,14360,121516,2254,150693,142673,6377071,1158508,1537806,1320736,937162,1422859,828342,122580,701745,4017,641704,95752,3167,19206,529,49292,18692,819908,251547,271404,155247,71077,70633,6534914,1573925,4003711,957278,5463217,598125,16957,140980,3395,155926,156314,6442821,1038143,1460281,1329469,960727,1654201,530363,92150,432020,6193,418248,52442,1719,11274,354,35459,10867,525276,129870,168323,113043,59432,54608
Iowa,4493,16277,3118,4386,15943,2705,4337,15447,2746,4562,17158,3039,5123,17337,3513,4306,16123,2921,62735,59539,58781,62386,64897,56247,Democratic,Republican,Shifter,3017465,721561,1861411,434493,2762888,83556,11478,55733,0,42857,59943,2962638,511484,722271,645487,460143,623253,269490,31741,235687,2062,227355,10798,2754,7779,0,13261,7260,265340,87075,88282,45695,25320,18968,3001335,722915,1847248,431172,2753645,84330,9097,54043,1294,43771,55155,2945762,475186,695688,649029,475318,650541,262227,31843,229020,1364,220728,12289,2139,6514,325,13620,6612,258999,76299,92913,48840,20553,20394,3016863,722659,1856591,437613,2763400,87623,8793,55702,1385,42566,57394,2960827,471355,685832,635398,485278,682964,259630,29841,228416,1373,219042,12434,1925,6648,368,12515,6698,256520,74215,89659,48671,22521,21454,3033245,723081,1864103,446061,2774382,91888,8906,59529,1712,39499,57329,2976568,464743,672434,636559,483264,719568,247162,28468,217162,1532,209212,12164,1740,6908,385,10683,6070,243808,68502,83992,47351,22283,21680,3049107,724402,1868653,456052,2781553,93704,9489,62827,1878,39523,60133,2991385,458906,666883,637053,490275,738268,222701,28142,193035,1524,186758,11937,1705,6886,430,9602,5383,219779,59418,73561,42850,22173,21777,3091437,724997,1875205,491235,2796050,108207,10368,74653,3949,41848,56362,3032572,419935,633046,611765,502036,865790,131612,18442,112350,820,104758,9055,673,4086,156,10502,2382,129103,29027,41855,27563,12278,18380
Kansas,4405,18063,2957,4940,15319,2755,4462,16779,2625,4434,16891,2887,5416,17852,2391,4669,16784,3056,57648,55708,55170,57675,58509,54935,Republican,Republican,Republican,2813530,721211,1728449,363870,2397997,158641,23123,67081,0,70424,94821,2779771,481691,702382,570147,414060,611491,354630,46345,305051,3234,269399,27791,6261,10684,0,25887,14408,350304,121051,121362,60279,26453,21159,2791851,720148,1712319,359384,2390539,154886,22616,67964,1445,68017,86384,2758248,458242,661227,573079,415606,650094,352636,53041,297821,1774,272315,27940,5748,9298,405,24028,12902,349351,109361,125690,61680,27123,25497,2808883,723140,1718259,367484,2404652,154752,23137,69715,1698,64639,90290,2775170,461768,662109,569666,411899,669728,357785,51028,305068,1689,278305,27873,5721,9547,589,22274,13476,354239,111809,125096,63603,26660,27071,2824176,723446,1724126,376604,2413270,157892,22945,71902,1421,63911,92835,2790414,454630,654966,569211,416863,694744,343475,46292,295360,1823,265871,28122,5112,9874,353,20877,13266,339918,107612,118537,60395,26354,27020,2833872,722134,1726037,385701,2419485,159267,23120,74889,1589,62239,93283,2800103,447456,649469,567999,419335,715844,318119,41529,274629,1961,244525,26984,5063,9512,335,19997,11703,314493,97710,108691,56793,25108,26191,2850862,713102,1718393,419367,2416319,157545,20934,79067,0,73612,100830,2817110,399913,625408,573515,417735,800539,248974,30912,215770,2292,186123,22494,3698,7696,0,18313,10281,244845,69041,79729,47786,21820,26469
Kentucky,4510,19259,2672,4225,17529,2433,4177,16570,2903,4596,18034,2955,4244,17726,2835,4737,16678,3520,49789,45773,45175,46173,45202,46659,Republican,Republican,Republican,4284357,1022948,2690030,571379,3772577,332264,9395,50017,0,40313,79075,4235115,1064585,1076800,809079,536847,747804,618458,62444,553972,2042,520394,67303,1607,7055,0,12768,9164,610852,247532,197853,89271,42906,33290,4251528,1019082,2672552,559894,3757446,320570,8023,49113,2255,41218,72903,4202341,1003632,1054020,815368,551521,777800,600645,61805,536990,1850,505153,58661,1785,7254,511,17125,10156,592610,231074,193403,94590,38602,34941,4273751,1018483,2680541,574727,3769610,323381,8292,50841,1900,40773,78954,4223880,1000147,1053498,807301,555547,807387,614786,60540,552233,2013,516041,59377,1883,8860,403,17549,10673,605931,235390,194283,96343,41632,38283,4296790,1016118,2689180,591492,3780572,327593,8489,52903,1973,40380,84880,4243539,989887,1047726,808297,556887,840742,566083,56109,508119,1855,472653,55635,1834,8956,463,15945,10597,557347,209075,178300,90878,40067,39027,4312238,1013732,2688177,610329,3787568,330057,8525,54922,2135,40086,88945,4259867,981440,1039838,818016,563057,857516,490262,53065,435212,1985,407377,47885,1553,8032,406,15146,9863,482874,176993,154048,79639,37244,34950,4354380,1009986,2679027,665367,3803005,350298,10786,60885,0,36479,90787,4297484,910958,1012425,808423,578981,986697,223350,31995,189249,2106,182419,20639,532,4868,0,11098,3747,220301,63493,72614,45089,18939,20166
Louisiana,5517,16955,3127,5117,16813,2477,4934,16661,2730,5454,17189,2791,6074,18387,2803,5817,17330,2738,50791,43544,42458,45763,48972,45146,Republican,Republican,Republican,4473068,1117293,2805080,550695,2827521,1419535,28355,71908,0,46790,75987,4436606,1125300,1063267,757105,582343,908591,784015,64635,716142,3238,413369,309047,8770,22608,0,20020,9968,775857,282967,238824,120715,59955,73396,4425335,1113067,2770754,541514,2807080,1400565,28104,70929,1737,48350,68570,4388715,1016801,1045448,782122,585838,958506,762016,68671,689880,3465,397347,305587,7196,18955,448,21849,10634,755659,255542,233357,129121,65641,71998,4463986,1113970,2793181,556835,2824712,1413520,27809,73012,2042,49452,73439,4427449,1032534,1038225,777953,582056,996681,763555,64694,694757,4104,398847,304742,6689,19563,498,21989,11227,757189,256106,231998,128293,65924,74868,4497703,1113696,2810923,573084,2840922,1428790,28083,74928,1588,47440,75952,4461184,1042918,1030641,777757,577791,1032077,747454,61930,681263,4261,395762,294745,6402,18919,384,19990,11252,740811,252631,221287,125120,67919,73854,4522122,1112860,2817463,591799,2853827,1434705,26668,77366,1744,45780,82032,4485545,1055311,1029571,772115,573981,1054567,699752,57945,637852,3955,373115,274186,5825,17665,389,17442,11130,693503,241643,207054,114493,60611,69702,4577182,1115457,2807699,654026,2855487,1462552,24818,77338,0,65205,90812,4540498,1055042,1038919,769926,549593,1127018,469832,33626,433797,2409,255301,164135,4205,9460,0,27843,8798,464747,160513,140547,79466,37183,47038
Maine,5664,19469,3315,5085,18052,3518,5107,17501,3147,4418,17821,3461,4966,17187,3879,4699,17987,3714,62078,54766,53708,55803,54127,53079,Democratic,Democratic,Democratic,1314121,269901,834021,210199,1251337,13361,8104,13456,0,0,24486,1291116,259000,324021,262285,194502,251308,140165,14165,125625,375,132203,1277,1706,2262,0,0,2060,137901,37595,46091,29308,14305,10602,1314102,273379,834608,206115,1252490,13916,7012,13935,280,3318,23151,1291073,233682,319770,277253,192585,267783,134501,14195,119918,388,126999,1204,1131,2268,14,466,2419,132590,30390,46474,29835,13387,12504,1313789,268615,832739,212435,1250532,14266,7177,14360,241,3519,23694,1290774,232455,318374,269808,193479,276658,136130,13515,122283,332,128054,1540,1229,2144,19,563,2581,134300,31731,46525,29717,13305,13022,1314350,264858,830008,219484,1249574,14535,7401,14593,195,3206,24846,1291333,230926,313694,263082,194209,289422,136759,14170,122220,369,127732,1837,1371,2423,10,555,2831,134718,32230,44993,30097,13692,13706,1314824,261742,826037,227045,1248767,14746,7661,14576,184,3121,25769,1291855,228313,308868,263379,196327,294968,132030,14944,116681,405,122447,1904,1337,2431,23,588,3300,129829,31507,42420,29700,13979,12223,1317148,254723,812942,249483,1244291,19435,7893,17295,0,2446,25574,1294030,198321,283596,257063,198608,356442,105973,11619,94113,241,97916,2910,1439,805,0,525,2360,105314,22788,32117,24479,11438,14492
Maryland,5452,19132,2036,4777,16978,2132,4835,16952,2172,5634,18596,2371,6788,19154,2156,5478,18519,3100,86042,80031,69933,82194,78482,78945,Democratic,Democratic,Democratic,5736588,1344498,3684538,707552,3365520,1690072,13852,327511,0,188599,149215,5672614,685875,908746,976265,804108,2297620,598444,61486,528208,8750,272996,191350,1921,41937,0,75185,14962,594186,117393,148389,131039,74679,122686,5686615,1348511,3646011,692093,3355659,1659832,16762,321356,2052,180497,150457,5621984,613205,879365,943979,812215,2373220,609773,62094,539724,7955,276166,197810,3410,42302,110,74884,15091,604130,106661,154217,131953,80509,130790,5737052,1346739,3675444,714869,3355599,1677225,16955,330811,2207,194380,159875,5671738,626670,876495,937101,804063,2427409,602791,59489,534317,8985,266224,194408,3238,45435,184,78061,15241,597077,102591,151615,129391,80298,133182,5793471,1347137,3706166,740168,3368157,1699132,16005,343036,2336,197696,167109,5727800,627073,881108,937064,802028,2480527,571092,54197,506997,9898,254034,179712,2629,43262,269,75902,15284,565093,94029,141142,122207,76958,130757,5836734,1346655,3722909,767170,3366003,1714013,14992,355675,2602,210605,172844,5770466,624109,885018,938578,805057,2517704,523072,52573,460683,9816,228929,162505,1932,40080,287,75678,13661,517592,85647,129719,113440,70276,118510,5918535,1344588,3721766,852181,3343098,1757742,14879,373810,0,228802,197837,5855579,593926,830616,911964,815614,2703459,363179,44955,310249,7975,162621,103026,1055,19976,0,66278,10142,359918,52887,76978,80198,52168,97687
Massachusetts,5422,21178,2720,5048,19083,2432,4897,18671,2483,5217,19103,2565,4785,19680,2520,5052,18955,2746,79093,70918,67469,68150,72368,75297,Democratic,Democratic,Democratic,6507596,1401873,4223139,882584,5242841,442728,12887,365280,0,276717,166294,6344318,944950,1078701,1014930,903772,2401965,276940,24099,249282,3559,185546,31808,933,17715,0,29452,11455,270882,57600,71945,52472,43938,44927,6479196,1413471,4194593,871132,5246850,436695,12580,356479,1544,258741,166307,6311776,867240,1007084,1000880,907634,2528938,259871,21321,235750,2800,176845,28955,1226,14817,43,26119,11866,254433,49495,66382,53288,36396,48872,6524851,1404696,4225235,894920,5256762,444852,12716,367022,1864,262740,178895,6355086,883517,1015811,988911,893360,2573487,262859,20998,238956,2905,177450,29521,1267,15036,42,27154,12389,257386,51141,66390,53409,36500,49946,6578631,1399175,4259781,919675,5266071,456274,13415,383591,1640,269459,188181,6405855,884230,1004778,975889,881346,2659612,252920,21177,228434,3309,167815,30688,966,14255,99,25962,13135,247418,49573,62875,50532,33596,50842,6627768,1394267,4286479,947022,5275543,469449,12968,399610,1638,276026,192534,6452188,879543,1002863,979785,865219,2724778,235963,20398,211927,3638,156012,29085,724,14860,53,24206,11023,230319,46394,56351,47044,30430,50100,6736017,1375244,4324702,1036071,5292381,496138,12463,439988,3758,281205,210084,6554127,786309,927827,903309,856412,3080270,171059,12709,154861,3489,112103,18939,956,12424,205,17625,8807,166069,24178,37556,35883,21455,46997
Michigan,4335,18061,2468,3907,16039,2091,4252,16333,2212,4163,16844,2745,3888,16666,3042,3439,17113,2834,61061,55721,52294,56122,57803,52492,Democratic,Republican,Shifter,9762306,2289531,6122753,1350022,7761963,1351194,52961,241292,0,103926,248924,9643318,2103312,2316903,1861029,1299338,2062736,1149911,93810,1050220,5881,836835,220307,9730,28149,0,26857,27185,1134190,411722,354688,199534,82440,85806,9782012,2334434,6114253,1333325,7782597,1352374,54612,245001,2600,114069,230759,9662534,1926632,2284052,1892077,1348540,2211233,1128261,100053,1023105,5103,822217,209117,10788,28136,628,31535,25840,1112283,374466,356174,193470,93342,94831,9773019,2299994,6106656,1366369,7772135,1347211,53644,250602,2183,106560,240684,9653896,1936806,2275849,1869211,1340963,2231067,1130793,94265,1031108,5420,823089,210786,10659,29688,483,29086,27002,1115689,374871,358997,194587,91749,95485,9777157,2270569,6103278,1403310,7762245,1344979,53748,258130,1942,106189,249924,9658211,1898035,2253328,1871372,1337716,2297760,1065883,90054,970448,5381,771265,200794,10690,29491,306,26241,27096,1051107,346883,339738,184588,87223,92675,9789145,2245945,6098796,1444404,7756972,1343608,52650,268303,2051,108127,257434,9670069,1868347,2233038,1864758,1337945,2365981,943241,84024,853671,5546,679534,177084,9065,27963,288,24877,24430,930626,301797,299768,166463,78589,84009,9818099,2187554,6059622,1570923,7727734,1326535,49519,291755,2674,118206,301676,9694158,1637501,2127754,1851637,1344042,2733224,526990,63236,459651,4103,380354,87063,5872,16675,419,18352,18255,518073,126620,172418,104104,49644,65287
Minnesota,5093,19412,3043,4710,17166,2775,4511,15881,2700,4500,17656,3121,5421,18049,3780,4803,17545,3295,72231,68845,65266,72567,73295,65599,Democratic,Democratic,Democratic,5286728,1276035,3340333,670360,4531711,271528,59443,215580,0,74189,133514,5207641,774521,1049972,1065314,817692,1500142,467433,79824,385642,1967,338441,40895,13383,26234,0,30087,18126,463959,111839,150898,100545,49577,51100,5253764,1278246,3316728,658790,4524068,263740,54702,215581,2057,70569,123047,5174316,706772,1026821,1020584,850873,1569266,454463,78449,373952,2062,338477,40774,12639,23060,411,24799,14303,451454,101073,149507,97794,50102,52978,5288893,1278257,3331971,678665,4530545,271755,55411,222109,2207,76221,130645,5209453,709867,1018512,1009411,851815,1619848,452715,76509,373684,2522,333791,40886,12034,24499,429,26755,14321,449794,98234,147777,96798,52842,54143,5325251,1277832,3347188,700231,4540882,282499,54192,230128,2110,77904,137536,5246097,695747,1001698,1000352,847739,1700561,420827,69110,349034,2683,306093,39683,11240,23024,332,26472,13983,417827,91154,133571,89874,49979,53249,5360861,1278612,3359120,723129,4549148,291783,54316,240170,1914,81224,142306,5282124,682808,989772,1004398,847828,1757318,377070,60813,313572,2685,269110,35298,10875,21380,223,27015,13169,374081,80356,117515,81429,45036,49745,5462438,1286323,3375664,800451,4552519,323107,60807,258067,1398,111329,155211,5385049,610921,942596,966730,836767,2028035,224946,43285,180240,1421,147263,23180,10168,8918,120,26942,8355,222305,45260,64603,45852,30176,36414
Mississippi,5804,16765,2547,5238,15789,2531,4689,15059,2651,5048,16287,2603,5659,17149,2660,5408,15765,3111,51331,40821,43774,38333,42696,41754,Republican,Republican,Republican,2911811,749572,1788212,374027,1737101,1086907,11681,26391,0,15992,33671,2878920,831118,797492,530886,322203,397221,516413,60983,453929,1501,265937,226046,3261,8959,0,7703,4462,508229,207299,168144,75363,27657,29766,2898487,751129,1777295,370063,1733175,1071645,13078,25799,333,21925,32532,2865653,792571,755721,534883,338171,444307,506225,68473,436413,1339,261642,215311,5304,6557,94,11789,5528,500014,193810,159078,80220,33633,33273,2908862,746074,1783587,379201,1735694,1077385,12759,27060,259,22190,33515,2875463,791920,757618,533860,339578,452487,507514,61638,444667,1209,260209,218600,4906,7139,112,11208,5340,501487,194063,158421,79483,34028,35492,2916635,741019,1785788,389828,1735776,1084681,12715,27475,339,22223,33426,2882491,779132,757154,535299,345552,465354,489849,54400,433915,1534,249459,213214,4289,7398,120,10963,4406,483770,185677,153749,76591,33461,34292,2921189,733614,1786012,401563,1734476,1088609,12579,28221,389,22552,34363,2886219,774998,755372,534971,344456,476422,462187,48809,411889,1489,238191,198170,4087,6575,110,10693,4361,455686,174059,145636,73057,31059,31875,2924168,721108,1766560,436500,1716181,1106549,12975,26056,0,28403,33486,2887902,707536,717917,535257,371356,555836,346181,32590,312179,1412,177475,148872,3544,2716,0,8579,4950,340369,128769,107623,55948,25579,22450
Missouri,5064,17349,2727,4910,16696,2952,4774,16245,2845,4179,16719,3337,4464,17968,3373,6003,16638,3773,57182,55441,53912,61113,63128,51746,Republican,Republican,Republican,5898968,1409255,3671075,818638,4910675,662880,21336,95612,5472,60577,142416,5828317,1214907,1472268,1171483,796469,1173190,807414,94934,708933,3547,604675,133407,4814,15361,2134,23945,23078,797989,288809,259912,137551,58672,53045,5867503,1413854,3648198,805451,4889764,663526,21927,95371,5598,60141,131176,5797137,1127427,1425342,1184382,816293,1243693,766671,95615,668149,2907,576841,126670,4755,14408,1368,23119,19510,759511,252089,257850,136991,56478,56103,5892726,1408646,3660193,823887,4902326,664888,21956,98274,5991,63046,136245,5822186,1137608,1425190,1178041,813083,1268264,776915,94772,678679,3464,583412,129613,4764,14730,1386,23530,19480,769494,256469,263106,136186,56446,57287,5914681,1402070,3668216,844395,4910276,670196,23419,101243,5745,62801,141001,5844089,1122376,1415362,1174710,814489,1317152,761852,95396,663031,3425,570270,127591,5305,15245,1530,22992,18919,754174,247089,257519,136172,57317,56077,5932449,1396052,3669097,867300,4914648,671178,24047,106040,5859,66249,144428,5861877,1108597,1412436,1175044,819034,1346766,726533,93601,629215,3717,544147,119251,5114,15866,1558,23070,17527,718885,234801,242737,130098,56015,55234,5977199,1386471,3653174,937554,4926235,678391,30065,115748,8642,70077,148041,5906591,972336,1361719,1164709,863624,1544203,531923,61873,466927,3123,408642,77363,4034,10723,2201,16749,12211,526969,159770,161705,104023,50410,51061
Montana,4635,18131,3637,4209,16382,2881,3745,16236,2679,4619,16193,3089,4492,18467,3449,5570,17835,3590,50315,50232,47290,55147,54809,50027,Republican,Republican,Republican,983214,222102,614806,146306,878958,4023,64839,5652,0,5108,23666,966972,199057,262460,206231,135519,163705,179575,25562,152921,1092,140074,1472,27759,1806,0,2591,5779,177218,54899,65069,32111,12375,12764,975207,222011,610055,143141,875126,3813,60792,5905,658,5592,23321,959115,189885,245782,204278,139268,179902,169971,26780,142642,549,135139,961,25028,1503,110,2111,5119,167611,50027,58390,30726,14631,13837,982993,222236,612653,148104,880445,3638,62651,6093,660,5678,23828,966799,191271,242678,202817,140563,189470,170829,25705,144497,627,134719,920,26179,1798,174,2020,5019,168384,50221,57157,30700,14921,15385,991001,222700,614969,153332,887078,4175,63308,6533,663,4810,24434,974756,185252,247027,201563,139690,201224,165335,23528,141094,713,129996,1326,25846,1675,178,1530,4784,162996,47695,55718,29319,14823,15441,999213,223495,616189,159529,892587,4358,63689,7084,812,5286,25397,982966,184232,244006,203034,139563,212131,155267,21286,133257,724,120655,1347,25297,1353,141,1543,4931,152973,44570,50675,29028,13974,14726,1027510,227631,620433,179446,915185,3535,64396,8432,0,3631,31766,1011246,163046,245649,198410,151066,253075,83416,10628,72426,362,62470,385,15819,879,0,557,3306,81139,19490,28148,15018,8232,10251
Nebraska,4931,17209,3218,3986,16123,2899,4796,15662,2685,4732,17417,2850,5606,17277,3417,4808,16617,3424,69477,58151,57623,61372,64491,56927,Republican,Republican,Republican,1814388,459191,1117300,237897,1600664,81133,17504,34346,0,40012,40036,1787299,310721,419693,384318,271788,400779,207094,26892,179782,420,161288,13907,5152,4530,0,16666,5373,205747,69531,70516,38344,13848,13508,1797941,456301,1106394,235246,1588577,79128,15855,32092,1010,42779,38500,1770886,286643,415495,384088,280714,403946,204804,28487,175469,848,160527,14165,5236,3839,103,15152,5782,203161,60585,71910,39227,17335,14104,1812953,458663,1113985,240305,1601035,81043,15775,33992,1228,40782,39098,1785512,287316,418174,379452,278776,421794,207593,27165,179362,1066,163059,14512,5189,4327,289,14116,6101,205749,62070,72859,39738,16556,14526,1827507,461286,1120755,245466,1615012,83308,15604,35556,1124,36513,40390,1799811,282070,414243,378118,280533,444847,201560,25986,174577,997,159503,14660,5116,4224,268,11802,5987,199838,59935,71420,36591,16827,15065,1840934,463638,1125225,252071,1624187,85097,15807,37930,1224,35872,40817,1813048,278571,407239,379854,281384,466000,189101,25604,162400,1097,149354,14184,4788,4031,317,11205,5222,186983,56782,65670,35262,15114,14155,1877654,472689,1131791,273174,1651835,86027,15099,41434,0,37706,44345,1849359,243259,393879,368231,291804,552186,160563,23707,135759,1097,123759,12662,4080,3728,0,11420,4657,158587,43314,52588,33754,16064,12867
Nevada,5267,17031,2600,4072,14376,1708,4882,15733,2812,4545,17431,2862,4256,18592,1740,5089,16133,2712,58768,52733,48616,53823,55462,55180,Democratic,Democratic,Democratic,2686989,662359,1688466,336164,1924839,216119,32137,193315,16181,200177,104221,2677692,487135,696291,537751,373094,583421,588794,107404,473575,7815,402488,44895,8968,35494,4607,74643,17699,585940,172945,198045,109830,55831,49289,2668199,662603,1680308,325288,1947075,210980,29518,195246,16220,167240,101920,2658854,417182,626952,549898,402769,662053,577628,115383,456312,5933,407986,43972,8951,34154,3381,60467,18717,575310,146780,185643,112072,63198,67617,2694751,661132,1692693,340926,1926569,217457,28816,201133,16615,197781,106380,2685440,439285,646591,546538,398250,654776,583791,109372,467504,6915,396326,45991,8585,36379,4294,72622,19594,581530,155898,187988,111846,61832,63966,2726356,660086,1708308,357962,1913943,222434,29383,206738,16970,222736,114152,2717041,452405,659950,553217,398516,652953,553892,97760,448874,7258,361667,44810,8359,35670,4110,80149,19127,551788,147986,179957,105851,57534,60460,2763700,660728,1726589,376383,1908910,228316,30675,213763,17677,243312,121047,2754385,455517,673137,566632,400489,658610,505573,86181,411491,7901,320928,41530,7772,33121,3918,81293,17011,503952,134018,163885,101354,50155,54540,2905767,676435,1791813,437519,1947153,253421,33745,243725,20082,270299,137342,2896462,414352,669882,591233,428827,792168,330418,45859,277884,6675,203596,22593,4866,18945,2171,67868,10379,329690,69646,109450,64691,40941,44962
New Hampshire,5253,21115,3607,5031,18240,3457,4921,18242,3665,5287,19561,4256,5202,20484,4418,5148,19066,4992,82299,75556,76426,79207,80701,70936,Democratic,Democratic,Democratic,1303868,279210,847734,176924,1227747,14109,2144,28967,0,0,22083,1277331,153307,243970,232708,210430,436916,136922,10192,125947,783,125634,2303,693,4527,0,0,1938,134393,30354,47101,26851,13416,16671,1302651,285331,844228,173092,1227595,14899,2430,28630,203,8630,20264,1276258,141197,232486,236031,211258,455286,136162,12728,122713,721,124351,2898,525,4357,40,1888,2103,134600,26278,43077,28726,16581,19938,1304372,280366,844579,179427,1226788,15576,2517,29265,214,8712,21300,1277759,142309,231399,235893,212764,455394,137018,11868,124513,637,124403,2824,620,4647,48,2023,2453,135445,27061,42621,29273,16882,19608,1306315,275221,844957,186137,1226250,15675,2483,30479,280,7642,23506,1279728,141363,226152,234231,207382,470600,134254,11081,122487,686,122130,2427,555,4486,46,1963,2647,132635,27103,41699,28688,15482,19663,1309057,271222,843834,194001,1227864,16663,2204,31309,228,7130,23659,1282263,141752,220673,232567,205978,481293,122052,9866,111565,621,110992,2671,464,3858,51,1482,2534,120630,24340,37382,26765,14210,17933,1316467,259410,839099,217958,1232156,15409,0,32374,0,7521,27552,1290106,112405,203836,225991,207652,540222,77677,6847,70776,54,71506,1628,0,2753,0,142,1648,76994,9083,22699,16914,13058,15240
New Jersey,4269,19474,2490,4684,18880,2722,4807,18641,2751,4651,20658,2678,5243,19494,3304,5785,18242,2689,77875,74301,66204,70408,72897,76126,Democratic,Democratic,Democratic,8712982,2038167,5506938,1167877,6045880,1143987,20710,745667,0,538460,215139,8628252,1119650,1471581,1387404,1190645,3458972,1139104,105165,1015216,18723,633163,174230,4418,105258,0,187282,34417,1128448,244235,325474,230644,132349,195746,8682727,2051906,5473695,1157126,6059973,1146241,21349,734013,2533,512199,206419,8598161,1020267,1365969,1350803,1197386,3663736,1093464,118618,956900,17946,604225,169638,5576,104755,431,172127,36712,1084466,215771,291387,220366,139187,217755,8723211,2043474,5497688,1182049,6048207,1157867,20170,754756,2556,524153,215502,8638462,1051632,1370649,1337854,1187296,3691031,1119796,113325,987240,19231,615565,175281,5055,106724,438,179154,37579,1111012,227923,298068,221750,142328,220943,8766669,2031951,5524850,1209868,6033922,1162491,18640,777923,2617,552426,218650,8681773,1061018,1366874,1332277,1164898,3756706,1098747,105619,973397,19731,598538,169418,4054,106879,416,185236,34206,1091023,223520,291504,218433,140454,217112,8796604,2019073,5537938,1239593,6022914,1164070,18033,803192,2713,563731,221951,8711491,1070536,1373457,1322189,1152800,3792509,1023450,96072,908540,18838,555067,159495,3306,98329,351,178288,28614,1017049,210012,276759,202810,128183,199285,8837578,1979948,5525116,1332514,6028899,1158174,19888,852180,0,539434,235308,8751297,1000599,1305737,1277434,1109747,4057780,704970,70039,617691,17240,391617,99494,3473,65250,0,128909,15833,700282,128616,179627,138876,90577,162586
New Mexico,5901,19146,2277,4898,17692,2002,4296,16295,2578,4916,17014,2893,4870,18501,2948,5460,16954,2724,52445,48378,45142,50382,48116,46748,Democratic,Democratic,Democratic,2047242,516787,1252249,278206,1468823,41840,187264,25368,0,259614,63165,2031665,518665,529320,371855,238321,373504,406184,47469,354069,4646,238718,5057,73175,4747,0,73083,11209,401636,136261,132420,67812,29482,35661,2021099,514535,1236393,270171,1468982,39266,186632,26487,1259,236851,61622,2005425,458797,517734,373974,255626,399294,397034,54096,338448,4490,242034,5722,74436,4041,204,61152,9445,392790,129112,128412,66785,31304,37177,2035611,513018,1242585,280008,1487187,40170,187173,27645,1407,229419,62610,2020033,471308,512519,369956,257504,408746,390915,48520,337979,4416,241494,6141,71003,4125,223,58933,8996,387107,129746,121686,64795,30528,40352,2046051,509906,1246027,290118,1497897,40490,187460,28168,1208,226510,64318,2030501,475378,508140,367448,261993,417542,370133,43190,322001,4942,227735,6046,66510,4232,197,56615,8798,366372,121601,113857,62815,30597,37502,2049702,505704,1242579,301419,1500627,41643,187786,28263,1236,223007,67140,2034167,478690,506810,370657,258720,419290,336347,37625,293947,4775,207306,5370,59746,3768,176,51453,8528,332927,110484,103027,57528,27999,33889,2046001,488598,1220748,336655,1514823,38111,192368,32176,0,201948,65193,2030476,452545,483702,377511,265937,450781,187689,26085,158900,2704,114036,2557,39726,1428,0,25108,4609,187061,51654,63224,35686,18777,17720
New York,4777,20702,2396,4778,18855,2295,4535,18785,2436,4488,18773,2557,5535,20934,2745,4679,19375,3099,63256,53120,57696,58609,61858,62909,Democratic,Democratic,Democratic,19208419,4270110,12374574,2563735,12561895,2956199,66766,1443820,0,1654618,519769,18861644,3529424,3705525,3237049,2489819,5899827,2195349,180834,1982986,31529,1084015,392641,11256,226608,0,414023,65056,2166167,513585,599013,441674,256543,355352,19138275,4308427,12289555,2540293,12659293,2957216,68328,1440952,6070,1539242,467174,18790711,3244346,3618305,3194853,2498051,6235156,2161817,197779,1937952,26086,1091296,383939,15174,226134,925,384014,60335,2136310,478449,589701,423638,253223,391299,19231242,4282307,12353828,2595107,12632256,2963351,71557,1474963,7138,1578397,503580,18883366,3273218,3594632,3149537,2502359,6363620,2143603,184979,1931544,27080,1070937,376912,15583,226815,852,386897,65607,2118246,469560,580228,416619,254028,397811,19342657,4263500,12423244,2655913,12588537,2983766,73452,1518176,6087,1631821,540818,18994104,3274676,3590090,3126886,2498696,6503756,2052554,171349,1853914,27291,1005132,361606,14703,220056,960,385402,64695,2027454,446755,555552,399563,243740,381844,19427310,4243142,12460033,2724135,12563145,2995828,73655,1565688,6326,1668612,554056,19077406,3276511,3574903,3127578,2477121,6621293,1877051,152678,1697153,27220,911276,327146,13097,203736,951,360996,59849,1853427,409480,501289,368002,220853,353803,19505596,4170786,12399261,2935549,12395999,2999161,71926,1662286,9008,1755919,611297,19154325,2968444,3401674,2953919,2493646,7336642,1182694,101066,1057074,24554,552464,204025,7388,132188,1123,253213,32293,1167822,218942,308268,225779,146861,267972
North Carolina,5726,17869,3443,5046,17386,2668,5020,16098,2739,5015,17493,2937,4791,18279,3234,4832,16986,3215,56473,46294,44157,50487,54171,50584,Republican,Republican,Republican,9461018,2286872,5939488,1234658,6644760,2034812,108851,209469,0,259831,199432,9343371,2145842,2461410,1779602,1129347,1827170,1544907,174572,1365214,5121,951213,372392,27576,37465,0,126147,29773,1529568,559980,545207,243613,103956,76812,9341367,2271929,5862832,1206606,6535003,1986039,107242,209770,3987,300703,198623,9223562,1959653,2347377,1795848,1215084,1905600,1511700,182011,1323233,6456,902318,359742,27676,38096,969,150870,32029,1496999,500393,529619,260663,112039,94285,9450222,2278415,5917155,1254652,6603245,2008331,108872,219384,4805,292406,213179,9331671,2007845,2367260,1794594,1213673,1948299,1529230,168752,1353376,7102,918390,368725,26873,39776,1202,139594,34670,1514958,514034,529760,261878,111291,97995,9551760,2281113,5965809,1304838,6661934,2033888,110813,229739,5469,289151,220766,9432695,1992526,2393683,1807836,1229436,2009214,1479285,155453,1316339,7493,893926,358266,25624,38856,1375,129014,32224,1465792,491739,514308,250281,110092,99372,9649606,2280606,6009073,1359927,6717265,2057524,113169,242188,5787,287907,225766,9529702,1988162,2408680,1811144,1237954,2083762,1390162,140018,1242606,7538,845395,332439,23549,35936,1384,122697,28762,1377558,463294,483460,233748,104163,92893,9957830,2292483,6138694,1526653,6868933,2130182,117541,273142,0,300836,261615,9835523,1808980,2326865,1900871,1358561,2440246,1038399,102232,929236,6931,631213,231798,21411,26044,0,103959,23180,1027726,315668,340372,194909,86544,90233
North Dakota,4820,16816,1989,4221,15985,1904,4117,16068,2245,4300,16669,2695,5598,17084,2988,4536,16804,2877,70408,62128,56673,65537,61228,60656,Republican,Republican,Republican,669425,150853,426165,92407,601979,6518,37491,6885,0,4278,12160,655424,110624,140197,137380,106573,160650,65448,9615,55703,130,47120,769,12978,1162,0,1689,1730,63358,19037,21044,11171,4714,7392,660952,149890,419233,91829,595942,7493,35204,6678,350,3773,11512,646816,104090,143690,133963,106970,158103,65028,9603,55191,234,48771,1534,11136,679,25,1155,1728,63484,17856,21861,11289,5913,6565,674657,153473,427937,93247,605207,8566,35830,7195,299,4376,13184,660287,101525,139751,131774,113049,174188,66609,10371,55997,241,49139,1783,11570,818,24,1247,2028,65086,17736,20773,12387,7062,7128,690161,157899,437335,94927,616175,10142,36099,7996,281,4931,14537,675462,99244,137676,134439,113727,190376,65428,11074,54121,233,47442,1903,11558,937,36,1389,2163,64057,16501,19257,12884,7014,8401,706307,162639,446998,96670,627175,11067,37376,8812,285,5737,15855,691504,97172,136402,134350,113297,210283,64162,11962,51926,274,45715,1771,11403,1247,15,1727,2284,62568,14669,17990,13261,7124,9524,741486,174130,463456,103900,646710,18907,40648,8926,0,5073,20989,727150,92341,131424,140204,113968,249213,52138,13624,38237,277,34194,5279,9517,515,0,1031,1602,50973,11962,14758,9788,5562,8903
Ohio,4117,17898,3198,4320,17218,2511,3891,17097,2450,3855,17238,2779,3972,18022,2819,3969,17523,3119,55776,49438,49719,53574,56841,52334,Democratic,Republican,Shifter,11369102,2688340,7101086,1579676,9445948,1347057,18916,194086,0,97213,263958,11229449,2369474,2712015,2254457,1530424,2363079,1354431,157202,1189278,7951,1041756,222303,3512,23470,0,31759,31388,1341555,477627,457521,218552,100375,87480,11356139,2713989,7077354,1564796,9456114,1354482,20793,195665,2107,88174,238804,11215871,2184875,2639226,2259505,1612083,2520182,1318597,161474,1149753,7370,1012280,223568,4259,24284,439,26627,27140,1306132,432471,433065,232844,106817,100935,11374029,2691966,7084810,1597253,9449295,1354565,20068,200681,2348,91591,255481,11227721,2207189,2623998,2219643,1598944,2577947,1317967,153098,1157198,7671,1014049,217205,3846,25547,476,27802,29042,1304577,426026,434215,233991,107894,102451,11386433,2669788,7081429,1635216,9429674,1360259,20445,208082,2851,94860,270262,11242344,2179350,2591653,2196404,1598314,2676623,1237272,142360,1086703,8209,949194,204027,3580,24556,452,27275,28188,1224439,390511,405694,219603,105196,103435,11402897,2652431,7072321,1678145,9418704,1366569,20982,215563,3009,95636,282434,11257789,2146248,2558424,2190396,1595339,2767382,1108605,133174,966894,8537,847400,182952,3296,23261,480,24126,27090,1097034,342863,361955,199529,95365,97322,11439848,2605997,7018306,1815545,9356168,1397065,17590,238460,0,107563,318971,11292972,1932958,2433169,2195064,1622639,3109142,643728,94553,541645,7530,491805,99145,1873,14495,0,19200,17163,638544,163426,195200,127219,68030,84669
Oklahoma,5554,17372,3008,4541,15100,2579,5374,16187,3175,4974,17569,2880,6111,17928,3017,5061,16646,3051,60532,53930,46910,50935,50204,49176,Republican,Republican,Republican,3710368,933893,2277736,498739,2740357,260475,256104,64937,5358,88558,294579,3669954,815153,977619,740124,483056,654002,693545,99384,591263,2898,444188,53931,77705,9971,1398,38881,67471,688016,234755,230622,120729,54855,47055,3663645,925028,2247843,490774,2710897,255638,256627,64898,4132,90799,280654,3623518,758922,949790,743669,491470,679667,681834,102430,576555,2849,437124,49795,77269,12460,1035,38810,65341,675822,211697,228375,127322,57183,51245,3702515,933738,2265702,503075,2729719,258942,262145,67421,4167,93464,286657,3662117,757815,956218,747041,495366,705677,679478,96937,579404,3137,431352,51724,78084,12730,1236,39590,64762,673283,207655,228237,127050,57424,52917,3737426,939703,2282703,515020,2745760,262710,269908,70689,4289,94790,289280,3697003,746904,946773,754721,498301,750304,661609,92280,566117,3212,415918,50974,79537,11985,1195,37671,64329,654936,199870,216181,125946,57441,55498,3768424,945958,2294214,528252,2761756,264614,274608,73687,4518,96860,292381,3727988,740277,938377,760332,508074,780928,627673,87229,537235,3209,389215,49290,79716,11483,1207,36383,60379,621727,187826,202803,119700,56020,55378,3845697,959850,2316676,569171,2792067,275256,291369,78620,6143,103976,298266,3805207,706366,924264,765820,522034,886723,529658,70089,456273,3296,311217,42151,79863,9988,1862,33571,51006,522301,149543,160279,106110,52216,54153
Oregon,4603,17843,2667,4286,17254,2849,4637,16991,2785,4916,17623,2857,5043,18279,2626,4200,17127,3988,64368,57682,60337,63536,64874,57532,Democratic,Democratic,Democratic,3832640,861059,2428380,543201,3248444,67592,50632,152534,14978,166684,131776,3782785,769008,962012,772119,520634,759012,602377,62887,537019,2471,465941,11133,14249,25443,4338,62085,19188,595377,181646,206846,115836,47582,43467,3796881,863026,2403248,530607,3241205,66645,51436,143131,13998,142843,137623,3747532,681489,910115,757520,539916,858492,605847,77083,525458,3306,477326,11385,16086,20426,3893,54788,21943,596405,172287,203132,113073,53538,54375,3829588,861149,2418419,550020,3266652,67555,46256,147288,14784,143704,143349,3778530,695882,909196,752931,548324,872197,603893,66266,534602,3025,478500,11670,12817,20630,3915,54466,21895,594159,169571,200978,112204,55521,55885,3861453,858892,2430427,572134,3287310,68289,45900,151703,14267,142858,151126,3810710,694383,918079,753150,545345,899753,556283,56269,497153,2861,438885,10694,11840,20383,3687,50119,20675,547141,150673,186342,106862,51917,51347,3900771,859057,2444680,597034,3323558,70292,44913,155998,14804,131270,159936,3849812,686823,910548,756435,550962,945044,480330,46999,430721,2610,381312,9143,9990,17935,3207,40812,17931,473734,127339,159096,92513,46730,48056,4054353,866585,2509060,678708,3426423,76741,44207,168993,14742,119591,203656,4002175,561928,854483,775473,580033,1230258,252766,28600,218953,5213,199845,5122,6372,9450,1700,18215,12062,250313,49705,77264,53489,28132,41723
Pennsylvania,4633,18858,2126,4012,17122,2299,4304,17165,2131,3883,17621,2621,4056,18496,2922,4560,17900,3030,62349,57825,57813,59540,64400,56907,Democratic,Republican,Shifter,12539757,2754741,7883366,1901650,10356467,1314468,16347,356816,2001,252039,241619,12303792,2259196,2750388,2466376,1737024,3090808,1264548,149227,1104456,10865,936701,185482,2364,56672,234,58295,24800,1249332,362807,409201,243100,115987,118237,12492799,2775436,7826146,1891217,10342879,1311520,18430,350285,3730,238313,227642,12263228,2093460,2685280,2418432,1797870,3268186,1207901,147055,1051817,9029,886982,189544,3071,49404,400,53169,25331,1194514,324169,381438,232380,119950,136577,12525314,2753386,7847159,1924769,10336241,1324293,19337,362662,3429,240895,238457,12295508,2091734,2669197,2376587,1803105,3354885,1229005,145138,1073937,9930,899683,191446,3617,53732,382,53839,26306,1216307,327799,387056,233485,123844,144123,12553967,2733362,7858793,1961812,10321235,1333436,21915,376616,3668,243130,253967,12324112,2067802,2645001,2361005,1791975,3458329,1195810,141625,1044114,10071,869056,185220,4373,53993,360,54563,28245,1182598,316157,376676,228757,119567,141441,12575088,2715362,7855199,2004527,10299897,1342966,22651,391331,4231,247095,266917,12344843,2049488,2618986,2348997,1792668,3534704,1106674,135836,960313,10525,798761,172439,4161,51139,375,53688,26111,1092912,288505,350350,211929,109180,132948,12579422,2666701,7772430,2140291,10208459,1350224,22675,422109,3373,255920,316662,12351055,1878037,2458343,2307937,1745545,3961193,708477,116374,582107,9996,517108,97319,2522,30186,378,39969,20995,698078,153931,201483,140072,85670,116922
Rhode Island,4362,19080,2359,5349,17673,2508,4549,17228,2552,5052,17719,2757,4794,18758,3288,5035,18010,2912,61254,62461,61950,63274,59401,60596,Democratic,Democratic,Democratic,1035117,218624,670434,146059,846493,61876,4278,32711,0,61487,28084,1006771,188703,198869,177321,141432,300446,111834,8672,102690,472,75863,10757,665,3992,0,17372,3135,109128,27298,34995,21585,10865,14385,1035336,222588,667587,145161,846297,62996,4626,31558,320,63411,26128,1007141,168042,195518,177643,150476,315462,115177,11564,102665,948,76487,11711,858,4950,33,17997,3141,112652,27301,34107,22768,12051,16425,1035516,219313,668205,147998,842774,65030,4444,32154,383,63820,26911,1007432,170053,193872,176326,149114,318067,117282,10943,105417,922,77371,13121,874,5054,35,18172,2655,114858,28222,33575,23415,12319,17327,1037156,217046,668912,151198,843839,65336,4731,32746,536,61293,28675,1009253,171416,195395,172485,148092,321865,109120,9608,98565,947,71886,12203,831,4797,44,16124,3235,106797,25992,31592,21030,12093,16090,1037930,214575,668491,154864,842431,66905,4951,33955,337,60297,29054,1010259,171860,193207,168490,148698,328004,96159,8670,86633,856,61767,11452,800,4216,10,14927,2987,93944,23009,28233,16990,10777,14935,1040259,208268,665476,166515,837061,66291,5270,36803,0,61110,32287,1011770,154070,193232,162288,134813,367367,44966,3999,40640,327,27003,5008,1018,1444,0,9091,1170,44100,9465,11595,9199,4482,9359
South Carolina,5916,19053,2962,4736,15915,2719,4803,16616,2642,4435,17314,2645,5088,17877,3080,5007,17673,3133,50074,49466,46880,48486,49439,49501,Republican,Republican,Republican,4579231,1079476,2862576,637179,3079252,1266586,12845,62563,0,74182,81768,4523252,1115034,1176718,886224,549663,795613,766304,91191,672992,2121,446891,244360,3129,14266,0,39730,17673,758439,308606,242775,118408,44288,44362,4527713,1074956,2830117,622640,3052949,1250611,14659,56533,1601,72836,78524,4471619,1016448,1138919,872841,584703,858708,764616,102919,658610,3087,450283,246017,3466,11433,416,39854,13147,758223,273733,244461,127235,55884,56910,4578525,1076230,2853629,648666,3089505,1258906,14247,60011,1986,71839,82031,4522434,1027729,1147623,875690,589544,881848,761843,91316,666999,3528,450871,244813,3478,12631,608,37032,12410,755047,270584,244464,127050,57057,55892,4628136,1077009,2873175,677952,3122751,1266536,14697,62128,2158,71948,87918,4572473,1029385,1157703,878859,599981,906545,737418,81799,651828,3791,439336,232902,3277,12928,574,35767,12634,730444,261027,233262,123720,56890,55545,4679496,1079062,2891046,709388,3157521,1277281,14511,65795,2459,71374,90555,4623757,1017979,1162416,895491,609458,938413,680185,70056,606372,3757,408595,211083,2939,12564,700,32323,11981,672850,239306,215280,115870,50719,51675,4861188,1097385,2951505,812298,3287906,1299725,15726,75366,0,75585,104621,4805133,891654,1164963,937746,662592,1148178,485906,43703,439521,2682,301771,137239,2064,8478,0,26305,9696,479830,135749,159181,86766,46794,51340
South Dakota,5159,18126,3218,5088,16710,2748,5256,16909,3216,5104,17646,3562,5268,17270,3212,5386,17117,3767,58992,55053,58350,57253,58722,54467,Republican,Republican,Republican,805505,200704,491514,113287,693608,8591,69524,7787,0,6472,19506,786849,146107,178990,184790,126654,150308,95908,12039,83395,474,61800,2250,24715,1283,0,2137,3723,94938,32228,29881,18249,7664,6916,797646,200704,486139,110803,687812,9612,68870,7979,133,6639,16601,779202,136585,184612,177195,126800,154010,94369,14028,79981,360,61366,2111,24065,1419,77,2139,3192,92130,29050,29968,18242,8005,6865,807439,202990,491666,112783,693457,10780,69091,8533,169,6838,18571,788845,135603,188451,173985,127471,163335,95355,13450,81497,408,61782,1769,24274,1438,60,2496,3536,93113,28639,30926,18008,7865,7675,816989,204798,496435,115756,699467,11924,69156,9356,197,6796,20093,798329,133140,189248,169674,132005,174262,92492,13183,78852,457,59064,1865,24212,1535,50,2223,3543,90103,26527,30452,17450,8132,7542,825506,206488,500083,118935,703517,12329,69863,10081,293,7655,21768,806840,132160,188787,171461,133736,180696,91018,12820,77729,469,57106,1925,23835,1774,72,2781,3525,88389,25400,29979,17206,8313,7491,848774,212981,504919,130874,721186,13487,74590,12849,0,5649,20795,830081,124265,175540,176652,145879,207745,74218,9545,64445,228,44696,2227,22478,869,0,1741,2165,72454,21260,21047,15317,6829,8001
Tennessee,4973,16476,3417,4810,16587,2548,4673,16303,3050,5671,17268,3496,4585,16673,3344,4689,16721,3662,52816,47900,45541,47177,50474,48547,Republican,Republican,Republican,6302351,1487779,3962855,851717,4922243,1041504,18391,92181,2274,105626,120132,6234793,1500430,1639658,1198801,785200,1110704,922650,84927,833572,4151,646164,180761,4946,14675,385,54967,20752,913878,356732,292991,149208,61517,53430,6251368,1490684,3927588,833096,4915581,1029275,15529,92496,2594,87282,108611,6184734,1371630,1595532,1227189,809365,1181018,867752,85523,778592,3637,623927,166489,4061,16552,278,40383,16062,859570,307417,283894,146673,62830,58756,6300636,1489640,3951023,859973,4939699,1042645,16138,95446,2905,92152,111651,6233195,1382755,1598370,1229982,812056,1210032,887807,84265,799450,4092,634136,171263,4516,18268,313,43492,15819,879419,313028,289038,149377,65856,62120,6350480,1489325,3970876,890279,4962228,1051887,17310,97981,3113,97119,120842,6282334,1380866,1596054,1233224,806539,1265651,864874,81172,779504,4198,616087,164731,4677,16966,370,45709,16334,856158,303159,280682,145536,63523,63258,6397431,1489975,3985106,922350,4991838,1061054,17234,101688,3203,95623,126791,6329633,1368258,1594502,1238298,816737,1311838,819113,77854,736930,4329,582965,156516,3942,16462,450,43295,15483,810130,285531,266114,136845,59502,62138,6546914,1500902,4029585,1016427,5107524,1083541,18864,115980,4676,78415,137914,6479349,1225788,1563584,1269002,907210,1513765,592310,53037,534785,4488,429040,110679,3777,12308,636,25779,10091,584498,180292,179665,103934,62541,58066
Texas,5394,18617,3144,5052,16283,2941,5242,17198,3108,5767,18310,2963,5768,18359,3506,5660,17529,3185,61271,57850,56822,58140,60224,56565,Republican,Republican,Republican,25197453,6946969,15623903,2626581,18826788,2896424,126141,992848,17880,1748499,588873,25026957,5261267,6104219,4645769,3162355,5853347,5789846,916522,4824280,49044,4100804,592920,29821,220530,5441,731370,108960,5757613,1780895,1911469,1094120,492026,479103,24723454,6838394,15332784,2552276,18351912,2854079,124533,973892,19456,1854917,544665,24551886,4756180,5895234,4602784,3220208,6077480,5696586,999221,4649357,48008,3977018,591517,35382,205924,4475,777759,104511,5665123,1623853,1903647,1092592,515656,529375,25158370,6913845,15591975,2652550,18755524,2915023,126014,1014030,19845,1748149,579785,24984601,4803036,5940429,4646918,3262021,6332197,5746305,948929,4745767,51609,4053044,601876,35198,211169,5340,729724,109954,5711556,1611209,1898408,1101875,537387,562677,25613334,6979160,15868712,2765462,19178786,2979316,123824,1061872,20683,1639481,609372,25436678,4774040,5959434,4701494,3323490,6678220,5610908,881181,4674211,55516,4022168,582660,32024,208626,5431,653068,106931,5574992,1537292,1836297,1082568,535301,583534,26062431,7048386,16130045,2884000,19554195,3040475,123045,1118426,20739,1564272,641279,25882093,4758599,5970411,4772080,3389695,6991308,5363985,823066,4484264,56655,3891303,555583,29811,196783,4601,582556,103348,5327241,1462500,1737542,1040646,515313,571240,27386023,7282033,16843883,3260107,20394402,3243110,131875,1292825,24537,1597871,701403,27195368,4441718,5943548,5005392,3649706,8155004,4545380,670822,3816473,58085,3352725,447818,27208,144560,3401,480127,89541,4510953,1145726,1412539,918318,474897,559473
Utah,4434,16808,3143,4676,16219,2425,3867,16439,2846,5009,17227,2775,4571,17061,3446,3966,17025,2606,69324,64997,67473,68400,70659,65977,Republican,Republican,Republican,2789648,877812,1657744,254092,2464359,31212,31339,56340,26846,111234,68318,2766180,391543,614522,646893,436604,676618,426064,97242,326866,1956,338154,5825,11317,7734,5669,45384,11981,422906,110244,140279,91997,33672,46714,2737627,864177,1625829,247621,2441727,28541,30036,55777,25365,93721,62460,2714493,342458,581500,621282,449478,719775,404921,94469,308784,1668,326914,5768,9885,7797,5182,39403,9972,401005,96446,129765,87112,37797,49885,2786143,876362,1652632,257149,2464757,29938,30910,57884,25772,111348,65534,2762490,351748,583709,618538,465120,743375,406420,89928,314625,1867,319749,5392,10191,8715,5149,47088,10136,402573,97304,128416,87412,40294,49147,2831323,885605,1678199,267519,2493403,30113,31241,60361,26106,120534,69565,2808034,352268,574660,618128,478718,784260,403554,90083,311530,1941,313553,5275,9664,8424,4688,51834,10116,400385,92872,127265,84869,44134,51245,2876833,894273,1703752,278808,2522967,30857,31118,63882,25914,128297,73798,2853168,342144,576756,620979,490467,822822,380390,84143,293913,2334,289302,4981,9938,8711,5013,52265,10180,377858,84883,121817,80006,42501,48651,3024767,918971,1789836,315960,2612234,31693,31184,69876,29197,163288,87295,3000453,286762,540890,642742,512522,1017537,264807,53600,208853,2354,188365,2623,6814,5839,4499,50615,6052,260997,43678,76097,63512,32907,44803
Vermont,5315,20329,3619,4568,16815,3114,4651,17478,3138,4550,17978,3269,5225,19020,3702,4751,17795,3145,64788,61923,58767,65514,63445,57677,Democratic,Democratic,Democratic,620159,125599,404163,90397,590510,4863,2137,7730,0,0,13468,600406,96433,135864,131452,96735,139922,41209,3019,37971,219,37475,786,407,951,0,0,1000,40590,7071,11865,12894,4005,4755,619339,127986,402530,88823,590525,5591,1814,7877,130,1912,11490,599783,90906,134285,129160,97861,147571,46863,3393,43271,199,43447,650,213,1065,5,363,1120,46223,8122,15240,12182,5198,5481,619732,126325,401614,91793,590099,5916,1820,7908,145,1730,12114,600041,92082,132192,126168,96651,152948,45547,3317,42071,159,42262,702,221,942,4,358,1058,44944,7916,14107,11699,5321,5901,620279,124685,400478,95116,589681,6223,1993,8186,214,1894,12088,600523,91547,132040,121776,96510,158650,41274,3090,38005,179,38402,518,233,761,31,382,947,40616,6879,12869,10232,5269,5367,620457,122937,398661,98859,588765,6717,1980,8752,249,1973,12021,600699,89038,129237,121884,97955,162585,36158,2792,33192,174,33438,507,243,693,37,339,901,35354,5545,11125,8510,4998,5176,618622,118351,389462,110809,583970,7568,2170,9396,0,0,12164,598866,86209,113459,115715,98273,185210,22994,1858,20983,153,21284,602,85,457,0,0,489,22659,2624,6202,6094,3863,3876
Virginia,5663,18516,2100,5500,17130,2486,5239,17056,2436,5708,17915,2956,5278,18733,2340,5857,17945,2683,78222,72006,72459,71392,65570,68114,Democratic,Democratic,Democratic,7887164,1849081,5055962,982121,5489747,1514799,23066,451155,0,169221,234512,7786348,1129130,1500758,1400771,1133412,2622277,982861,108483,865862,8516,573584,238888,4630,70460,0,63229,31123,974010,258392,293450,191493,99065,131610,7788504,1845142,4982213,961149,5437427,1489133,23647,439258,4951,179058,215030,7687228,1061067,1450003,1365547,1097247,2713364,955207,117053,829626,8528,556095,230054,5228,67806,557,69858,25609,946079,240331,285815,182369,98349,139215,7881300,1852537,5032086,996677,5492840,1498836,23411,453808,5023,175017,232365,7779326,1069250,1462270,1367731,1095254,2784821,973047,110620,853035,9392,570615,231491,5424,69461,681,68050,27325,963466,239915,289604,188559,102090,143298,7972925,1858957,5079047,1034921,5537795,1511500,22174,471813,4855,175339,249449,7870167,1070025,1457589,1355481,1098427,2888645,968444,108863,848953,10628,569748,227428,5052,71920,529,65289,28478,958627,236740,284271,186198,101239,150179,8043013,1861692,5105972,1075349,5562047,1524868,21301,489012,4839,178889,262057,7939612,1068834,1461734,1364193,1107485,2937366,916040,102291,803069,10680,538607,215140,4216,67220,527,61484,28846,905759,224945,268230,174424,95932,142228,8199576,1864852,5134008,1200716,5570822,1541998,22294,527906,8099,224686,303771,8095257,1016003,1399970,1346207,1098436,3234641,714884,89012,615990,9882,413072,152212,1865,44048,383,77271,26033,705504,170625,200428,136289,77371,120791
Washington,4311,18188,2525,5048,18150,2413,4211,16846,2755,4862,18826,2260,4548,17731,2934,5028,18301,2747,71019,69282,64408,63744,71709,67106,Democratic,Democratic,Democratic,6716822,1578179,4297899,840744,5272731,227951,89041,498894,38957,275202,314046,6647546,1048112,1434467,1315912,980255,1868800,952630,97208,849330,6092,665605,45481,20524,70094,5948,104838,40140,945814,258151,312866,187332,88411,99054,6628521,1574104,4236714,817703,5224125,225813,91249,480113,38290,263233,305698,6559228,956710,1353211,1266140,994371,1988796,895281,102094,786918,6269,630098,39418,23485,64766,6953,90961,39600,888059,220992,281819,180307,93926,111015,6711488,1583191,4276421,851876,5271934,232613,91997,495318,39834,260785,319007,6641707,978527,1360272,1262292,996854,2043762,924141,96575,820932,6634,650443,41153,23944,67336,7139,92839,41287,916313,228799,286371,186171,99428,115544,6792627,1588492,4315237,888898,5314468,238897,92868,514627,41679,256831,333257,6722726,972129,1357204,1277813,994450,2121130,878242,88903,782241,7098,613434,39185,22962,65769,7366,88526,41000,870778,213128,268272,179960,94278,115140,6878854,1595015,4355714,928125,5355549,242517,90850,531501,43392,260867,354178,6808653,953804,1358616,1288054,1008902,2199277,787469,77912,702364,7193,546253,35537,21082,58233,7177,82979,36208,780130,183364,236233,165212,86600,108721,7184110,1627304,4497648,1059158,5441559,256411,92262,592094,47396,346472,407916,7112492,822427,1266971,1273880,1060940,2688274,428092,41436,380054,6602,262207,16699,14497,29645,5673,77329,22042,423227,77555,119379,96923,55067,74303
West Virginia,4117,19605,1833,4479,17424,1933,3141,18329,2008,4553,18813,2384,4884,19539,2483,4092,17260,3156,52244,48522,43121,42683,45668,43385,Republican,Republican,Republican,1826485,385302,1148554,292629,1720342,50475,2511,11436,0,0,37501,1805505,467305,479849,338401,226180,293770,272287,16994,254549,744,252369,10597,446,1888,0,0,5968,269717,105611,87050,40761,19527,16768,1820798,385714,1144770,290314,1714636,52741,2687,12607,521,3614,33992,1799911,439912,473410,363801,232843,289945,261642,18723,242136,783,244076,9305,650,1907,209,860,4635,258952,98405,83502,42563,17785,16697,1824020,383755,1144202,296063,1715550,52900,2695,12762,643,4218,35252,1802979,438912,467689,351229,237054,308095,261520,18526,242184,810,243654,9292,679,1915,255,1292,4433,258873,96020,85015,39952,19511,18375,1824283,382462,1138985,302836,1713034,53794,2905,13082,619,4609,36240,1803377,431676,463916,351011,238145,318629,240355,16102,223474,779,222967,8512,558,2196,247,1502,4373,238085,84858,78060,38475,18827,17865,1822400,381298,1130559,310543,1710435,55582,2747,13409,601,4093,35533,1801742,425259,462585,349091,239567,325240,208779,14971,193140,668,193300,7678,383,1835,209,1191,4183,207052,71511,66917,34593,17561,16470,1802572,375790,1091444,335338,1683372,63787,3769,13939,0,6930,30371,1782243,391139,448410,349284,233439,359971,95882,7783,87568,531,87865,4694,262,950,0,1224,839,95255,26305,28985,20652,9397,9916
Wisconsin,4132,19369,3259,4379,18102,2938,4176,17858,2833,4091,18571,3249,4772,18835,3729,3817,17477,3534,65033,59135,59213,62678,59106,56811,Democratic,Republican,Shifter,5634063,1322921,3549651,761491,4924996,339554,46075,130018,0,76841,115153,5557254,967913,1304807,1189232,853786,1241516,506674,58236,444909,3529,393741,47556,10383,18486,0,23986,12275,498637,146589,166020,102891,41514,41623,5609422,1331719,3524710,752993,4906716,336479,47546,129003,1272,81466,106940,5533860,882635,1261638,1168302,893779,1327506,503740,63064,438182,2494,392548,46431,10077,17004,106,25863,11711,498143,143119,167089,96455,45122,46358,5630579,1323298,3535060,772221,4912696,339093,47659,132144,1279,84530,113178,5554648,902076,1258911,1157373,882415,1353873,512357,63221,446629,2507,396061,47653,10139,17351,148,28614,12391,506355,145367,168112,99151,46822,46903,5649703,1314966,3540129,794608,4912093,341410,47982,136939,1283,91769,118227,5572786,896773,1251597,1138443,882157,1403816,489761,60079,427060,2622,373775,47018,10626,17364,182,29067,11729,483944,137574,160101,94108,46202,45959,5668363,1307902,3541470,818991,4914802,344648,48594,143183,1208,95182,120746,5590962,879643,1234808,1141181,890953,1444377,448384,56055,389484,2845,341067,42616,10039,15903,181,28337,10241,442527,123556,146483,87075,42679,42734,5706681,1283539,3522518,900624,4891563,346353,50703,154791,0,124691,137046,5629338,782730,1150787,1095272,911154,1689395,300206,45408,252268,2530,221522,26051,7612,10460,0,27293,7132,296833,62723,90945,66266,32081,44818
Wyoming,4788,18462,2600,4371,17378,2298,4085,18356,2316,4614,17589,2742,5289,18145,3881,4948,19617,3024,68094,64073,59686,60098,64971,59882,Republican,Republican,Republican,558832,134594,354598,69640,507818,4714,11882,4726,0,14451,15063,552324,78609,122949,117381,93022,140363,85831,11638,73899,294,70977,1659,3198,269,0,5959,3747,84676,16997,29318,16342,10911,11108,553168,134264,350829,68075,505097,4069,12698,4288,197,11846,14973,546648,74376,119677,115611,91488,145496,82570,11766,70343,461,70405,775,4080,613,40,3838,2819,81580,16686,26228,17881,9553,11232,560397,135880,354373,70144,510544,4518,12941,4670,186,12213,15325,553847,75665,117667,114785,93001,152729,83611,10992,72248,371,70752,895,4401,628,59,4031,2845,82529,17652,25296,18198,9732,11651,565737,136360,356491,72886,514752,5510,12843,5316,324,12030,14962,559148,77133,114486,112927,91493,163109,80469,9988,70087,394,67807,1005,4518,805,29,3647,2658,79349,17422,23375,17212,8991,12349,570198,137221,357281,75696,519921,5780,12210,5233,411,11597,15046,563652,76309,115135,111257,93653,167298,76302,10007,65955,340,64934,931,4282,591,18,3302,2244,75199,16061,22808,15375,9040,11915,576027,140464,350428,85135,531354,0,12469,5854,0,5654,15020,569483,72819,115397,109566,92658,179043,66513,12328,53672,513,57929,0,5189,213,0,1177,1278,65635,11704,21773,14340,7763,10055
